'30-PONTEILS';'Forêt du Centre hospitalier de Ponteils'
'30-CONCOULE';'FC de Concoules'
'30-LANUEJOL';'FC de Lanuéjols'
'30-PON_BRES';'FC de Ponteils-et-Brésis'
'30-STSAUVEU';'FC de Saint-Sauveur-Camprieu'
'30-AIGOUAL';'FD de l''Aigoual (Gard)'
'48-AIGOUAL';'FD de l''Aigoual (Lozère)'
'48-BAYARD';'FD de Bayard'
'48-BOUGES';'FD du Bougès'
'48-BRAMONT';'FD du Bramont'
'30-COSNR';'FD du Causse Noir'
'48-FONTMORT';'FD de Fontmort'
'48-GARDONS';'FD des Gardons'
'48-GORGTARN';'FD des Gorges du Tarn'
'48-GOULET';'FD du Goulet'
'30-HOMOL';'FD de l''Homol'
'30-LAVIS';'FD de la Vis'
'48-MLOZELL';'FD des Laubies'
'48-LOUBIERE';'FD de la Loubière'
'30-MALMONTE';'FD de Malmontet'
'30-MAS_AYRE';'FD du Mas de l''Ayre'
'48-MENDE';'FD de Mende'
'48-MTLOZERE';'FD du Mont Lozère'
'48-MLOZEF';'FD du Mont Lozère Finiels'
'48-RAMPONEN';'FD de Ramponenche'
'30-ROUVERGU';'FD de Rouvergue'
'30-VAL_BORG';'FD de la Vallée Borgne'
'30-PNC';'FD de La Borie du Pont'
'48-CALLENC';'FC d''Allenc'
'48-ALTIER';'FC d''Altier'
'48-CHADENET';'FC de Chadenet'
'48-CUBIERET';'FC de Cubiérettes'
'48-FLORAC';'FC de Florac-Trois-Rivières'
'48-ROUSSES';'FC de Rousses'
'48-STGERMAC';'FC de Saint-Germain-de-Calberte'
'48-VILLEFOR';'FC de Villefort'
'48-GFCAMPIS';'Forêt du Groupement forestier de Campis'
'48-HHFLORAC';'Forêt du Centre hospitalier de Florac'
'48-BRAMADOU';'Forêt du Bramadou'
'48-COUGNET';'Forêt du Cougnet'
'48-COURBADE';'Forêt de Roche Courbade'
'48-VENTAJOL';'Forêt de Ventajols'
'48-AYRES';'FS d''Ayres'
'48-COCURES';'FS de Cocurès'
'48-BACCLAUZ';'FS de Bac, les Clauzels, Fraissinet, l''Hom, Perjuret, le Veygalier et Montcamp'
'48-BACLFROP';'FS de Bac, les Clauzels, Fraissinet, l''Hom, Perjuret et le Veygalier'
'48-BARRE';'FS de Barre-des-Cévennes'
'48-BORIE';'FS de La Borie'
'48-BOUGESSJ';'FS de Bougès'
'48-CAMPIS';'FS de Campis'
'48-CHAZES';'FS des Chazes'
'48-CLUZEL';'FS de Cluzel et Molines'
'48-CREMAVER';'FS de Crémadet et Vergougnoux'
'48-CROUZET';'FS du Crouzet de Meyrueis'
'48-FERRUSSA';'FS de Ferrussac'
'48-FOURQUES';'FS de Fourques'
'48-FRAISSIF';'FS de Fraissinet-de-Fourques'
'48-GRIZAC';'FS de Grizac'
'48-LONJAMON';'FS de Lonjagne et Montmirat'
'48-MAGISTAV';'FS de Majistavols'
'48-MIJAVOLS';'FS de Mijavols'
'48-CAVALADE';'FS de Montbrun, Cros-Garnon et Cavaladette'
'48-MONTEILS';'FS de Monteils de Florac-Trois-Rivières'
'48-MONTET';'FS du Montet'
'48-MONTMIRA';'FS de Montmirat de Saint-Etienne-du-Valdonnez'
'48-OUBRETS';'FS des Oubrets'
'48-PIERREFO';'FS de Pierrefort'
'48-PIERREFR';'FS de Pierrefroide'
'48-POURCARE';'FS de Pourcarès et Ribevenes'
'48-PRADES';'FS de Prades, Nissoulogres, Les Lacs et Jouanas'
'48-RAMPON';'FS de Rampon'
'48-RUASSOLS';'FS de Ruassols et La Vernède'
'48-STETIEVZ';'FC de Saint-Etienne-du-Valdonnez'
'48-SALVINSA';'FS de Salvinsac'
'48-TOURRIER';'FS de Tourrières'
'48-VERNEDE';'FS de La Vernède'
'48-VILLARET';'FS du Villaret'
'48-AURIAC';'FS d''Auriac'
'48-BOUCHET';'FS du Bouchet et Chadenet'
'48-BRAJON';'FS de Brajon'
'48-CUBIERES';'FS de Cubières'
'48-FAUXISVO';'FS de Faux, Ispagnac et Voltulorgues'
'48-FRAISSJT';'FS de Fraissinet de Saint-Julien-du-Tournel'
'48-ISPAGNAC';'FS d''Ispagnac'
'48-MALLECOM';'FS de Mallecombes'
'48-MALMONT';'FS de Malmont'
'48-MARALON';'FS de Marazeil, Lonjagnes et Montmirat'
'48-MASSEGUI';'FS de Masseguin'
'48-NEYRAC';'FS de Neyrac'
'48-OULTET';'FS d''Oultet'
'48-PAROS';'FS de Paros'
'48-PIGEYRE';'FS de la Pigeyre'
'48-STJULIET';'FS de Saint-Julien-du-Tournel'
'48-SAUVAGES';'FS de Sauvages'
'48-TOURNEL';'FS du Tournel'
'48-VAREIL';'FS de Vareilles de Lanuéjols'
'48-VALFOURN';'FS de Villespasses et Valfournes'
'48-VITROLLE';'FS de Vitrolles de Lanuéjols'
