'CRPF Occitanie';'';'';'';'';''
'EP PNC';'';'';'';'';''
'ONF 48';'';'';'';'';''
'ONF 30';'';'';'';'';''
'Coopérative FPLG';'';'';'';'';''
'Syndicat des forestiers privés du Gard';'';'';'';'';''
'Syndicat lozérien de la foret privée';'';'';'';'';''
'Particulier';'';'';'';'';''
'ONCFS';'';'';'';'';''
'FDC 30';'';'';'';'';''
'FDC 48';'';'';'';'';''
'AC PNC';'';'';'';'';''
'TCA  du  Mont  Lozère  Ouest';'';'';'';'';''
'TCA  d’Ispagnac-Quézac';'';'';'';'';''
'TCA  d’Altefage';'';'';'';'';''
'TCA  de  l’Aigoual  Nord';'';'';'';'';''
'TCA  de Hures-la-Parade';'';'';'';'';''
'TCA de Saint-Pierre-des-Tripiers';'';'';'';'';''
